{"cameraMode":{"drawMode":0,"name":"Shaded","section":"Shading Mode"},"sceneLighting":true,"audioPlay":false,"sceneViewState":{"showFog":true,"showMaterialUpdate":false,"showSkybox":true,"showFlares":true,"showImageEffects":true,"showParticleSystems":true},"in2DMode":false,"pivot":{"x":-2.691392421722412,"y":0.7493343353271484,"z":-0.5695476531982422},"rotation":{"x":-0.024269411340355874,"y":0.9757146835327148,"z":-0.15678384900093079,"w":-0.15103194117546082},"size":12.010289192199707,"orthographic":false}