{"cameraMode":{"drawMode":0,"name":"Shaded","section":"Shading Mode"},"sceneLighting":false,"audioPlay":false,"sceneViewState":{"showFog":true,"showMaterialUpdate":false,"showSkybox":false,"showFlares":true,"showImageEffects":true,"showParticleSystems":true},"in2DMode":false,"pivot":{"x":1.0195192098617554,"y":4.40496826171875,"z":0.6017007827758789},"rotation":{"x":0.0007042329525575042,"y":0.9970994591712952,"z":-0.009291299618780613,"w":0.0755372941493988},"size":20.485944747924806,"orthographic":false}